model_key,model_name,train_mse,train_rmse,train_mae,train_r2,train_mape,test_mse,test_rmse,test_mae,test_r2,test_mape
linear_regression,Linear Regression,9.073143870846785e-27,9.525305176658009e-14,4.03884390204032e-14,1.0,2.1398043146407708e-12,8.18247923914842e-27,9.045705743140455e-14,4.294676325814991e-14,1.0,2.0441573594305805e-12
ridge_regression,Ridge Regression,0.0006629772671371092,0.025748344939764755,0.010174258298166783,0.9999995661380559,0.38080865616248116,0.00027725704872656536,0.016651037466973804,0.009090010378876301,0.9999997567097281,0.4015294546751383
random_forest,Random Forest,6.385838603139211,2.5270216863215107,0.1503781728239212,0.99582101455302,1.1836961495528977,0.09100601624491046,0.30167203424399563,0.09165181616324704,0.9999201431359662,1.0461045916861078
gradient_boosting,Gradient Boosting,0.007931220275884717,0.08905739877115611,0.06341859523621482,0.9999948096943613,2.096480109031255,0.10539431669553248,0.32464490862407264,0.14001350621054903,0.9999075175470198,2.461760907513394
xgboost,XGBoost,0.3185722612897265,0.5644220595349959,0.23434234393071943,0.9997915216894009,4.149329526915664,7.599556504391973,2.7567293128618875,0.5995540400846805,0.993331465593931,4.206079666563063
