model_key,name,train_r2,test_r2,train_mse,test_mse,train_mae,test_mae
linear_regression,Linear Regression,0.7419939715307675,0.723970211090444,25.62488271035273,40.02189447577579,2.844638831680369,2.968494107761334
ridge_regression,Ridge Regression,0.7415715355928691,0.7312261635110815,25.666838595746214,38.96984511817854,2.86933633852194,2.8768939658273114
random_forest_regression,Random Forest Regression,0.9309007796154343,0.6914705188192867,6.862860640260053,44.734064345954685,1.6983268719735949,2.8934294517761563
gradient_boosting_regression,Gradient Boosting Regression,0.9248713039346408,0.7366009918871104,7.4617017140207835,38.190542221412876,1.7828677622543643,2.826553782927248
xgboost_regression,XGBoost Regression,0.9110951040771929,0.7226190190200854,8.829939144889881,40.217805455782795,1.8803372155815719,2.811750150292753
